Platform,Asset,Asset_link,Date Posted
Web Secure Media,Engaging the workforce,https://websecuremedia.com/modalpopupbox/download-whitepaper-602/,"February 19, 2021"
Web Secure Media,Business-Driven Configurability,https://websecuremedia.com/modalpopupbox/download-whitepaper-601/,"February 18, 2021"
Web Secure Media,Smooth Migration to the Cloud,https://websecuremedia.com/modalpopupbox/download-whitepaper-600/,"February 17, 2021"
Web Secure Media,5 Education Operations Management Trends,https://websecuremedia.com/modalpopupbox/download-whitepaper-599/,"February 16, 2021"
Web Secure Media,The Practical Executiveâ€™s Guide To Data Loss,https://websecuremedia.com/modalpopupbox/download-whitepaper-598/,"February 15, 2021"
Web Secure Media,Data Protection Trends,https://websecuremedia.com/modalpopupbox/download-whitepaper-597/,"February 12, 2021"
Web Secure Media,5 Reasons To Switch Your Backup,https://websecuremedia.com/modalpopupbox/download-whitepaper-596/,"February 11, 2021"
Web Secure Media,Making an impact with Cloud Data Management,https://websecuremedia.com/modalpopupbox/download-whitepaper-595/,"February 10, 2021"
Web Secure Media,"Beat ransomware: Education, Implementation and remediation",https://websecuremedia.com/modalpopupbox/download-whitepaper-594/,"February 9, 2021"
Web Secure Media,CIO Cloud Data Management Initiatives,https://websecuremedia.com/modalpopupbox/download-whitepaper-593/,"February 8, 2021"
Platform,Asset,Asset_link,Date Posted
Web Secure Media,The future of work,https://websecuremedia.com/modalpopupbox/download-whitepaper-623/,"March 22, 2021"
Web Secure Media,The Complete Guide to Building a Remote Global Team,https://websecuremedia.com/modalpopupbox/download-whitepaper-622/,"March 19, 2021"
Web Secure Media,2020 /Global Employee Survey Results,https://websecuremedia.com/modalpopupbox/download-whitepaper-621/,"March 18, 2021"
Web Secure Media,New Managers Guide to Global Teams,https://websecuremedia.com/modalpopupbox/download-whitepaper-620/,"March 17, 2021"
Web Secure Media,The CFOs Secret to Global Business Expansion,https://websecuremedia.com/modalpopupbox/download-whitepaper-619/,"March 16, 2021"
Web Secure Media,Free Yourself from the Contractor Trap,https://websecuremedia.com/modalpopupbox/download-whitepaper-618/,"March 15, 2021"
Web Secure Media,Your Global Sales Strategy,https://websecuremedia.com/modalpopupbox/download-whitepaper-617/,"March 12, 2021"
Web Secure Media,2021 Global Workforce Trends,https://websecuremedia.com/modalpopupbox/download-whitepaper-616/,"March 11, 2021"
Web Secure Media,10 Things You Need to Know About Payroll Only Registration,https://websecuremedia.com/modalpopupbox/download-whitepaper-615/,"March 10, 2021"
Web Secure Media,Building Big Data Storage,https://websecuremedia.com/modalpopupbox/download-whitepaper-614/,"March 9, 2021"
